{"H_eff": {"data": [{"imag": [-0.0, -0.0, -0.0, -0.0, -0.0, -0.0, -0.0, -0.0, -0.0, -0.0, -0.0, -0.0, -0.0, -0.0, -0.0, -0.0, -0.0, -0.0, -0.0, -0.0, -0.0, -0.0, -0.0, -0.0, -0.0, -0.0, -0.0, -0.0, -0.0, -0.0, -0.0, -0.0, -0.0, -0.0, -0.0, -0.0, -0.0, -0.0, -0.0, -0.0, -0.0, -0.0, -0.0, -0.0, -0.0, -0.0, -0.0, -0.0, -0.0, 0.0], "real": [175.0, 247.48737341529164, 303.1088913245535, 350.0, 391.31189606246323, 428.66070498705614, 463.0064794363034, 494.9747468305833, 525.0, 553.3985905294664, 580.4093383121949, 606.217782649107, 630.9714732061981, 654.7900426854397, 677.772085586298, 700.0, 721.5434844830907, 742.4621202458748, 762.8073151196179, 782.6237921249265, 801.950746617272, 820.8227579691002, 839.2705165797258, 857.3214099741123, 875.0, 892.3284148787372, 909.3266739736606, 926.0129588726068, 942.4038412485381, 958.5144756340408, 974.3587634952538, 989.9494936611666, 1005.298463144155, 1020.4165815979276, 1035.3139620424329, 1050.0, 1064.4834428021884, 1078.7724505195708, 1092.8746497197196, 1106.797181058933, 1120.5467415507485, 1134.1296222213755, 1147.5517417528501, 1160.8186766243898, 1173.9356881873896, 1186.907747046922, 1199.7395550701826, 1212.435565298214, 1225.0, 0.0]}, {"imag": [0.0, -100.0, -190.00000000000006, -269.99999999999994, -340.0, -400.0000000000001, -449.9999999999999, -490.0000000000001, -520.0000000000002, -540.0, -550.0000000000002, -549.9999999999999, -539.9999999999998, -520.0, -490.0000000000001, -450.0000000000002, -399.9999999999998, -340.0, -269.99999999999955, -190.00000000000045, -100.00000000000023, 0.0, 110.0, 230.0, 359.99999999999955, 499.99999999999955, 650.0000000000005, 809.9999999999995, 979.9999999999995, 1160.0000000000005, 1349.999999999999, 1549.9999999999995, 1759.999999999999, 1980.000000000001, 2210.0, 2450.000000000001, 2700.000000000001, 2960.0, 3229.999999999999, 3510.0, 3800.0, 4100.0, 4410.0, 4729.999999999999, 5059.999999999998, 5399.999999999999, 5750.0, 6110.0, 6480.000000000001, 6860.0], "real": [-612.5, -637.5, -662.5, -687.5, -712.5, -737.5, -762.5, -787.5, -812.5, -837.5, -862.5, -887.5, -912.5, -937.5, -962.5, -987.5, -1012.5, -1037.5, -1062.5, -1087.5, -1112.5, -1137.5, -1162.5, -1187.5, -1212.5, -1237.5, -1262.5, -1287.5, -1312.5, -1337.5, -1362.5, -1387.5, -1412.5, -1437.5, -1462.5, -1487.5, -1512.5, -1537.5, -1562.5, -1587.5, -1612.5, -1637.5, -1662.5, -1687.5, -1712.5, -1737.5000000000005, -1762.5, -1787.5, -1812.5, -1837.5]}], "offsets": [-1, 0]}, "duration": 30.0, "Ls": [{"data": [{"imag": [0.0, 0.0, 0.0, 0.0, 0.0, 0.0, 0.0, 0.0, 0.0, 0.0, 0.0, 0.0, 0.0, 0.0, 0.0, 0.0, 0.0, 0.0, 0.0, 0.0, 0.0, 0.0, 0.0, 0.0, 0.0, 0.0, 0.0, 0.0, 0.0, 0.0, 0.0, 0.0, 0.0, 0.0, 0.0, 0.0, 0.0, 0.0, 0.0, 0.0, 0.0, 0.0, 0.0, 0.0, 0.0, 0.0, 0.0, 0.0, 0.0, 0.0], "real": [-35.0, -35.0, -35.0, -35.0, -35.0, -35.0, -35.0, -35.0, -35.0, -35.0, -35.0, -35.0, -35.0, -35.0, -35.0, -35.0, -35.0, -35.0, -35.0, -35.0, -35.0, -35.0, -35.0, -35.0, -35.0, -35.0, -35.0, -35.0, -35.0, -35.0, -35.0, -35.0, -35.0, -35.0, -35.0, -35.0, -35.0, -35.0, -35.0, -35.0, -35.0, -35.0, -35.0, -35.0, -35.0, -35.0, -35.0, -35.0, -35.0, -35.0]}, {"imag": [0.0, 0.0, 0.0, 0.0, 0.0, 0.0, 0.0, 0.0, 0.0, 0.0, 0.0, 0.0, 0.0, 0.0, 0.0, 0.0, 0.0, 0.0, 0.0, 0.0, 0.0, 0.0, 0.0, 0.0, 0.0, 0.0, 0.0, 0.0, 0.0, 0.0, 0.0, 0.0, 0.0, 0.0, 0.0, 0.0, 0.0, 0.0, 0.0, 0.0, 0.0, 0.0, 0.0, 0.0, 0.0, 0.0, 0.0, 0.0, 0.0, 0.0], "real": [0.0, 5.0, 7.0710678118654755, 8.660254037844386, 10.0, 11.180339887498949, 12.24744871391589, 13.228756555322953, 14.142135623730951, 15.0, 15.811388300841898, 16.583123951776997, 17.32050807568877, 18.027756377319946, 18.708286933869708, 19.364916731037084, 20.0, 20.615528128088304, 21.213203435596423, 21.79449471770337, 22.360679774997898, 22.9128784747792, 23.45207879911715, 23.979157616563597, 24.49489742783178, 25.0, 25.495097567963924, 25.98076211353316, 26.457513110645905, 26.92582403567252, 27.386127875258307, 27.83882181415011, 28.284271247461902, 28.722813232690143, 29.154759474226502, 29.58039891549808, 30.0, 30.413812651491096, 30.82207001484488, 31.22498999199199, 31.622776601683796, 32.01562118716424, 32.4037034920393, 32.78719262151, 33.166247903553995, 33.54101966249685, 33.91164991562634, 34.27827300200522, 34.64101615137754, 35.0]}], "offsets": [0, 1]}, {"data": [{"imag": [0.0, 0.0, 0.0, 0.0, 0.0, 0.0, 0.0, 0.0, 0.0, 0.0, 0.0, 0.0, 0.0, 0.0, 0.0, 0.0, 0.0, 0.0, 0.0, 0.0, 0.0, 0.0, 0.0, 0.0, 0.0, 0.0, 0.0, 0.0, 0.0, 0.0, 0.0, 0.0, 0.0, 0.0, 0.0, 0.0, 0.0, 0.0, 0.0, 0.0, 0.0, 0.0, 0.0, 0.0, 0.0, 0.0, 0.0, 0.0, 0.0, 0.0], "real": [0.0, 5.0, 7.0710678118654755, 8.660254037844386, 10.0, 11.180339887498949, 12.24744871391589, 13.228756555322953, 14.142135623730951, 15.0, 15.811388300841898, 16.583123951776997, 17.32050807568877, 18.027756377319946, 18.708286933869708, 19.364916731037084, 20.0, 20.615528128088304, 21.213203435596423, 21.79449471770337, 22.360679774997898, 22.9128784747792, 23.45207879911715, 23.979157616563597, 24.49489742783178, 25.0, 25.495097567963924, 25.98076211353316, 26.457513110645905, 26.92582403567252, 27.386127875258307, 27.83882181415011, 28.284271247461902, 28.722813232690143, 29.154759474226502, 29.58039891549808, 30.0, 30.413812651491096, 30.82207001484488, 31.22498999199199, 31.622776601683796, 32.01562118716424, 32.4037034920393, 32.78719262151, 33.166247903553995, 33.54101966249685, 33.91164991562634, 34.27827300200522, 34.64101615137754, 35.0]}], "offsets": [1]}], "delta_t": 1e-05, "ntraj": 4, "seeds": [1791095845, 4282876139, 3093770124, 4005303368], "downsample": 100, "sdeint_method": "ItoEuler", "obsq": [{"data": [{"imag": [0.0, 0.0, 0.0, 0.0, 0.0, 0.0, 0.0, 0.0, 0.0, 0.0, 0.0, 0.0, 0.0, 0.0, 0.0, 0.0, 0.0, 0.0, 0.0, 0.0, 0.0, 0.0, 0.0, 0.0, 0.0, 0.0, 0.0, 0.0, 0.0, 0.0, 0.0, 0.0, 0.0, 0.0, 0.0, 0.0, 0.0, 0.0, 0.0, 0.0, 0.0, 0.0, 0.0, 0.0, 0.0, 0.0, 0.0, 0.0, 0.0, 0.0], "real": [0.0, 1.0, 2.0000000000000004, 2.9999999999999996, 4.0, 5.000000000000001, 5.999999999999999, 7.000000000000001, 8.000000000000002, 9.0, 10.000000000000002, 11.0, 11.999999999999998, 12.999999999999998, 14.0, 15.000000000000002, 16.0, 17.0, 17.999999999999996, 19.000000000000004, 20.000000000000004, 21.0, 22.0, 22.999999999999996, 23.999999999999996, 25.0, 25.999999999999996, 27.0, 28.000000000000004, 28.999999999999996, 30.0, 30.999999999999996, 32.00000000000001, 33.0, 34.0, 35.0, 36.0, 36.99999999999999, 37.99999999999999, 39.0, 40.00000000000001, 41.0, 42.0, 42.99999999999999, 44.0, 45.00000000000001, 46.0, 47.0, 47.99999999999999, 49.0]}], "offsets": [0]}, {"data": [{"imag": [0.0, 0.0, 0.0, 0.0, 0.0, 0.0, 0.0, 0.0, 0.0, 0.0, 0.0, 0.0, 0.0, 0.0, 0.0, 0.0, 0.0, 0.0, 0.0, 0.0, 0.0, 0.0, 0.0, 0.0, 0.0, 0.0, 0.0, 0.0, 0.0, 0.0, 0.0, 0.0, 0.0, 0.0, 0.0, 0.0, 0.0, 0.0, 0.0, 0.0, 0.0, 0.0, 0.0, 0.0, 0.0, 0.0, 0.0, 0.0, 0.0, 0.0], "real": [1.0, 1.4142135623730951, 1.7320508075688772, 2.0, 2.23606797749979, 2.449489742783178, 2.6457513110645907, 2.8284271247461903, 3.0, 3.1622776601683795, 3.3166247903554, 3.4641016151377544, 3.605551275463989, 3.7416573867739413, 3.872983346207417, 4.0, 4.123105625617661, 4.242640687119285, 4.358898943540674, 4.47213595499958, 4.58257569495584, 4.69041575982343, 4.795831523312719, 4.898979485566356, 5.0, 5.0990195135927845, 5.196152422706632, 5.291502622129181, 5.385164807134504, 5.477225575051661, 5.5677643628300215, 5.656854249492381, 5.744562646538029, 5.830951894845301, 5.916079783099616, 6.0, 6.082762530298219, 6.164414002968976, 6.244997998398398, 6.324555320336759, 6.4031242374328485, 6.48074069840786, 6.557438524302, 6.6332495807108, 6.708203932499369, 6.782329983125268, 6.855654600401044, 6.928203230275509, 7.0, 0.0]}, {"imag": [0.0, 0.0, 0.0, 0.0, 0.0, 0.0, 0.0, 0.0, 0.0, 0.0, 0.0, 0.0, 0.0, 0.0, 0.0, 0.0, 0.0, 0.0, 0.0, 0.0, 0.0, 0.0, 0.0, 0.0, 0.0, 0.0, 0.0, 0.0, 0.0, 0.0, 0.0, 0.0, 0.0, 0.0, 0.0, 0.0, 0.0, 0.0, 0.0, 0.0, 0.0, 0.0, 0.0, 0.0, 0.0, 0.0, 0.0, 0.0, 0.0, 0.0],