{"downsample": 1000, "psi0": {"real": [1.0, 0.0, 0.0, 0.0, 0.0, 0.0, 0.0, 0.0, 0.0, 0.0, 0.0, 0.0, 0.0, 0.0, 0.0, 0.0, 0.0, 0.0, 0.0, 0.0, 0.0, 0.0, 0.0, 0.0, 0.0, 0.0, 0.0, 0.0, 0.0, 0.0, 0.0, 0.0, 0.0, 0.0, 0.0, 0.0, 0.0, 0.0, 0.0, 0.0, 0.0, 0.0, 0.0, 0.0, 0.0, 0.0, 0.0, 0.0, 0.0, 0.0], "imag": [0.0, 0.0, 0.0, 0.0, 0.0, 0.0, 0.0, 0.0, 0.0, 0.0, 0.0, 0.0, 0.0, 0.0, 0.0, 0.0, 0.0, 0.0, 0.0, 0.0, 0.0, 0.0, 0.0, 0.0, 0.0, 0.0, 0.0, 0.0, 0.0, 0.0, 0.0, 0.0, 0.0, 0.0, 0.0, 0.0, 0.0, 0.0, 0.0, 0.0, 0.0, 0.0, 0.0, 0.0, 0.0, 0.0, 0.0, 0.0, 0.0, 0.0]}, "sdeint_method": "itoImplicitEuler", "obsq": [{"data": [{"real": [0.0, 1.0, 2.0000000000000004, 2.9999999999999996, 4.0, 5.000000000000001, 5.999999999999999, 7.000000000000001, 8.000000000000002, 9.0, 10.000000000000002, 11.0, 11.999999999999998, 12.999999999999998, 14.0, 15.000000000000002, 16.0, 17.0, 17.999999999999996, 19.000000000000004, 20.000000000000004, 21.0, 22.0, 22.999999999999996, 23.999999999999996, 25.0, 25.999999999999996, 27.0, 28.000000000000004, 28.999999999999996, 30.0, 30.999999999999996, 32.00000000000001, 33.0, 34.0, 35.0, 36.0, 36.99999999999999, 37.99999999999999, 39.0, 40.00000000000001, 41.0, 42.0, 42.99999999999999, 44.0, 45.00000000000001, 46.0, 47.0, 47.99999999999999, 49.0], "imag": [0.0, 0.0, 0.0, 0.0, 0.0, 0.0, 0.0, 0.0, 0.0, 0.0, 0.0, 0.0, 0.0, 0.0, 0.0, 0.0, 0.0, 0.0, 0.0, 0.0, 0.0, 0.0, 0.0, 0.0, 0.0, 0.0, 0.0, 0.0, 0.0, 0.0, 0.0, 0.0, 0.0, 0.0, 0.0, 0.0, 0.0, 0.0, 0.0, 0.0, 0.0, 0.0, 0.0, 0.0, 0.0, 0.0, 0.0, 0.0, 0.0, 0.0]}], "offsets": [0]}, {"data": [{"real": [1.0, 1.4142135623730951, 1.7320508075688772, 2.0, 2.23606797749979, 2.449489742783178, 2.6457513110645907, 2.8284271247461903, 3.0, 3.1622776601683795, 3.3166247903554, 3.4641016151377544, 3.605551275463989, 3.7416573867739413, 3.872983346207417, 4.0, 4.123105625617661, 4.242640687119285, 4.358898943540674, 4.47213595499958, 4.58257569495584, 4.69041575982343, 4.795831523312719, 4.898979485566356, 5.0, 5.0990195135927845, 5.196152422706632, 5.291502622129181, 5.385164807134504, 5.477225575051661, 5.5677643628300215, 5.656854249492381, 5.744562646538029, 5.830951894845301, 5.916079783099616, 6.0, 6.082762530298219, 6.164414002968976, 6.244997998398398, 6.324555320336759, 6.4031242374328485, 6.48074069840786, 6.557438524302, 6.6332495807108, 6.708203932499369, 6.782329983125268, 6.855654600401044, 6.928203230275509, 7.0, 0.0], "imag": [0.0, 0.0, 0.0, 0.0, 0.0, 0.0, 0.0, 0.0, 0.0, 0.0, 0.0, 0.0, 0.0, 0.0, 0.0, 0.0, 0.0, 0.0, 0.0, 0.0, 0.0, 0.0, 0.0, 0.0, 0.0, 0.0, 0.0, 0.0, 0.0, 0.0, 0.0, 0.0, 0.0, 0.0, 0.0, 0.0, 0.0, 0.0, 0.0, 0.0, 0.0, 0.0, 0.0, 0.0, 0.0, 0.0, 0.0, 0.0, 0.0, 0.0]}, {"real": [0.0, 1.0, 1.4142135623730951, 1.7320508075688772, 2.0, 2.23606797749979, 2.449489742783178, 2.6457513110645907, 2.8284271247461903, 3.0, 3.1622776601683795, 3.3166247903554, 3.4641016151377544, 3.605551275463989, 3.7416573867739413, 3.872983346207417, 4.0, 4.123105625617661, 4.242640687119285, 4.358898943540674, 4.47213595499958, 4.58257569495584, 4.69041575982343, 4.795831523312719, 4.898979485566356, 5.0, 5.0990195135927845, 5.196152422706632, 5.291502622129181, 5.385164807134504, 5.477225575051661, 5.5677643628300215, 5.656854249492381, 5.744562646538029, 5.830951894845301, 5.916079783099616, 6.0, 6.082762530298219, 6.164414002968976, 6.244997998398398, 6.324555320336759, 6.4031242374328485, 6.48074069840786, 6.557438524302, 6.6332495807108, 6.708203932499369, 6.782329983125268, 6.855654600401044, 6.928203230275509, 7.0], "imag": [0.0, 0.0, 0.0, 0.0, 0.0, 0.0, 0.0, 0.0, 0.0, 0.0, 0.0, 0.0, 0.0, 0.0, 0.0, 0.0, 0.0, 0.0, 0.0, 0.0, 0.0, 0.0, 0.0, 0.0, 0.0, 0.0, 0.0, 0.0, 0.0, 0.0, 0.0, 0.0, 0.0, 0.0, 0.0, 0.0, 0.0, 0.0, 0.0, 0.0, 0.0, 0.0, 0.0, 0.0, 0.0, 0.0, 0.0, 0.0, 0.0, 0.0]}], "offsets": [-1, 1]}, {"data": [{"real": [0.0, 0.0, 0.0, 0.0, 0.0, 0.0, 0.0, 0.0, 0.0, 0.0, 0.0, 0.0, 0.0, 0.0, 0.0, 0.0, 0.0, 0.0, 0.0, 0.0, 0.0, 0.0, 0.0, 0.0, 0.0, 0.0, 0.0, 0.0, 0.0, 0.0, 0.0, 0.0, 0.0, 0.0, 0.0, 0.0, 0.0, 0.0, 0.0, 0.0, 0.0, 0.0, 0.0, 0.0, 0.0, 0.0, 0.0, 0.0, 0.0, 0.0], "imag": [1.0, 1.4142135623730951, 1.7320508075688772, 2.0, 2.23606797749979, 2.449489742783178, 2.6457513110645907, 2.8284271247461903, 3.0, 3.1622776601683795, 3.3166247903554, 3.4641016151377544, 3.605551275463989, 3.7416573867739413, 3.872983346207417, 4.0, 4.123105625617661, 4.242640687119285, 4.358898943540674, 4.47213595499958, 4.58257569495584, 4.69041575982343, 4.795831523312719, 4.898979485566356, 5.0, 5.0990195135927845, 5.196152422706632, 5.291502622129181, 5.385164807134504, 5.477225575051661, 5.5677643628300215, 5.656854249492381, 5.744562646538029, 5.830951894845301, 5.916079783099616, 6.0, 6.082762530298219, 6.164414002968976, 6.244997998398398, 6.324555320336759, 6.4031242374328485, 6.48074069840786, 6.557438524302, 6.6332495807108, 6.708203932499369, 6.782329983125268, 6.855654600401044, 6.928203230275509, 7.0, 0.0]}, {"real": [0.0, 0.0, 0.0, 0.0, 0.0, 0.0, 0.0, 0.0, 0.0, 0.0, 0.0, 0.0, 0.0, 0.0, 0.0, 0.0, 0.0, 0.0, 0.0, 0.0, 0.0, 0.0, 0.0, 0.0, 0.0, 0.0, 0.0, 0.0, 0.0, 0.0, 0.0, 0.0, 0.0, 0.0, 0.0, 0.0, 0.0, 0.0, 0.0, 0.0, 0.0, 0.0, 0.0, 0.0, 0.0, 0.0, 0.0, 0.0, 0.0, 0.0], "imag": [0.0, -1.0, -1.4142135623730951, -1.7320508075688772, -2.0, -2.23606797749979, -2.449489742783178, -2.6457513110645907, -2.8284271247461903, -3.0, -3.1622776601683795, -3.3166247903554, -3.4641016151377544, -3.605551275463989, -3.7416573867739413, -3.872983346207417, -4.0, -4.123105625617661, -4.242640687119285, -4.358898943540674, -4.47213595499958, -4.58257569495584, -4.69041575982343, -4.795831523312719, -4.898979485566356, -5.0, -5.0990195135927845, -5.196152422706632, -5.291502622129181, -5.385164807134504, -5.477225575051661, -5.5677643628300215, -5.656854249492381, -5.744562646538029, -5.830951894845301, -5.916079783099616, -6.0, -6.082762530298219, -6.164414002968976, -6.244997998398398, -6.324555320336759, -6.4031242374328485, -6.48074069840786, -6.557438524302, -6.6332495807108, -6.708203932499369, -6.782329983125268, -6.855654600401044, -6.928203230275509, -7.0]}], "offsets": [-1, 1]}], "delta_t": 0.0001, "H_eff": {"data": [{"real": [0.0, 0.0, 0.0, 0.0, 0.0, 0.0, 0.0, 0.0, 0.0, 0.0, 0.0, 0.0, 0.0, 0.0, 0.0, 0.0, 0.0, 0.0, 0.0, 0.0, 0.0, 0.0, 0.0, 0.0, 0.0, 0.0, 0.0, 0.0, 0.0, 0.0, 0.0, 0.0, 0.0, 0.0, 0.0, 0.0, 0.0, 0.0, 0.0, 0.0, 0.0, 0.0, 0.0, 0.0, 0.0, 0.0, 0.0, 0.0, 0.0, 0.0],